Id,Nom,Age,Salaire
1,Rojas Kelly,28,20018
2,Gutierrez Whitney,31,49221
3,Williams Leslie,51,18215
4,Smith Heidi,25,3748
5,Ballard Jennifer,58,95256
6,Powell Brandon,54,92705
7,Johnson Drew,54,13840
8,Rocha Aaron,53,90661
9,Walsh Amanda,38,83373
10,James John,30,17618
11,Thompson Jaclyn,57,15588
12,Murphy Justin,18,54251
13,Jackson Lisa,35,73628
14,Sanchez Chad,53,27528
15,Valencia Theresa,64,81294
16,Carroll Julie,50,82335
17,Stewart Jessica,60,9982
18,Martinez Andrea,42,80319
19,Matthews Robert,23,99014
20,Krause Beth,33,6299
21,Miller Brian,27,8243
22,Parker Yvette,33,46869
23,Briggs Steven,49,55428
24,Dixon Gerald,51,13004
25,Nelson Jill,33,36189
26,Myers Robert,51,83928
27,Price Kelsey,62,47611
28,Boone Brian,53,78244
29,Buchanan Kara,21,44076
30,Thomas Sherry,34,49644
31,Jones Michelle,50,81328
32,Thompson Anthony,59,52409
33,Miranda Maxwell,23,96542
34,Evans Linda,58,10669
35,Carr Dawn,19,97202
36,Thompson Thomas,32,68429
37,Bryant Andrea,47,54432
38,Wilson Donald,43,94620
39,Henry Catherine,60,30856
40,Smith Janet,28,93731
41,Jones Kaylee,21,81098
42,Johnson Joanna,62,73316
43,Hughes Jasmine,41,65423
44,Smith Pamela,40,89021
45,Sanders Jennifer,61,22871
46,Johnston Clinton,21,16064
47,Graham Jenny,40,57692
48,Ruiz Emma,58,80396
49,Smith Stacey,24,78024
50,Taylor Sean,49,9957
51,Holmes Phillip,25,21448
52,Lambert Gina,65,66377
53,Le Kathleen,38,15450
54,Williams Mary,59,41640
55,Carpenter Ricardo,29,75385
56,Singleton Dakota,28,90567
57,Ellis Julie,49,4006
58,Hopkins Michelle,32,34635
59,Singh Christopher,65,11350
60,Kennedy Samuel,45,12605
61,Jensen Lisa,31,29336
62,Bell Nancy,42,31270
63,Dixon Kim,20,65059
64,Hayden Bethany,46,29555
65,Lawson Amy,47,5270
66,Davidson Richard,40,94066
67,Herrera Cody,65,18348
68,Morris Mark,31,76951
69,Rogers Kimberly,46,16048
70,Turner Daniel,57,26849
71,Davis Katelyn,38,486
72,Young James,36,81473
73,Martinez Wesley,58,9083
74,Murphy Desiree,43,81859
75,Sparks Connie,52,19703
76,Copeland Scott,39,6896
77,Williams Sarah,27,8748
78,Mills Donald,18,36973
79,Smith Thomas,58,71927
80,Ibarra Brandon,64,43958
81,Bailey Megan,41,44209
82,Long Richard,19,2242
83,Guzman Mark,61,47647
84,Williams Brian,34,1513
85,Nelson Ronnie,19,44783
86,Miller Jeffrey,24,36869
87,Anderson Patricia,44,25173
88,Thomas Victoria,39,30469
89,Wilson Angela,60,37633
90,Tucker Shannon,36,59639
91,Stuart Monica,62,95284
92,Delacruz Nicole,25,80711
93,Rosales Eric,28,62544
94,Lozano Rebecca,52,26831
95,Martin William,27,91197
96,Fernandez Jason,44,24929
97,Stewart Nancy,32,27444
98,Harrington Erika,49,98480
99,Moreno Shane,48,46134
100,Pitts Connie,65,14918
101,King Jonathan,20,26386
102,Reed Tonya,30,10161
103,Moses Dawn,20,70484
104,Kirk Sean,19,56184
105,Gonzalez Christopher,54,54930
106,Richmond Christopher,28,20574
107,Huffman Donald,18,40414
108,Nelson Kevin,30,44128
109,Mason Derek,19,53245
110,Mullen Hannah,52,87840
111,Stewart Brooke,26,88655
112,Johnson Brenda,29,70801
113,Faulkner Patrick,31,55896
114,Martin Kyle,52,92269
115,Nichols Tara,65,24819
116,Thompson Chase,61,56366
117,Rivera Jack,42,833
118,Lowe Erin,44,45056
119,Wolf John,52,18945
120,Mcdonald Luke,41,21782
121,Delgado Debra,45,84911
122,Zuniga Emily,26,15606
123,Guerrero Erica,55,30038
124,Pacheco Connie,46,86484
125,Brown Destiny,65,65740
126,Cross Ashley,55,26281
127,Peterson Jacob,27,94476
128,Cobb Timothy,19,82751
129,Khan Sandy,55,97026
130,Franco Laura,23,56810
131,Ortiz Jeffrey,34,51734
132,Lyons Jacob,28,97428
133,Allen Jessica,50,84295
134,Blanchard Mariah,20,78737
135,Johnston James,50,86367
136,Brown Joanne,32,8447
137,Moran Julie,55,46599
138,Rivera Elizabeth,24,98821
139,Castro Scott,22,23429
140,Holt Rachel,37,43349
141,Duncan Jacob,31,47802
142,Parsons Betty,41,89599
143,Rollins Jacqueline,21,81941
144,Miller Joy,56,53911
145,Smith Christine,37,38701
146,Jordan William,62,64114
147,Evans Christine,49,50710
148,Hanna Elizabeth,51,32548
149,Rodriguez Claudia,25,57769
150,Weber Tanya,42,30044
151,Gonzalez Amanda,58,8841
152,Perez Nicole,31,87556
153,Curry Kimberly,39,65903
154,Levy Laurie,26,91479
155,Perez Carmen,28,76047
156,Crosby David,24,79537
157,Jones Jennifer,52,91517
158,Smith Krista,22,99715
159,Morris Crystal,46,60402
160,Mccarthy Emily,46,77333
161,Sullivan Brett,61,8080
162,Miller Michelle,47,91929
163,Taylor Jeffrey,52,5905
164,Nelson Janice,38,60371
165,White Justin,42,3190
166,Brooks Donald,34,20037
167,Mcgrath Justin,53,11110
168,Collins Amy,63,74704
169,Stevens Jason,28,5163
170,Garrison Lori,34,45111
171,Garcia Michael,19,78383
172,Madden Craig,39,43304
173,Taylor Christopher,58,24613
174,Erickson James,33,21295
175,Alvarez Laura,31,97392
176,Massey Stanley,31,48018
177,Gonzalez Ryan,31,78532
178,Montgomery Alexis,60,91028
179,Robinson Sara,32,86452
180,Dennis Dawn,24,61212
181,Castro Richard,24,9102
182,Warner Steven,18,47094
183,Mccann Ana,44,71598
184,Adkins Jeffrey,19,4970
185,Richards Gregory,59,10377
186,Hickman Joseph,47,80966
187,Mendoza Henry,35,41290
188,Carter Lisa,33,53324
189,Williams Daniel,44,18216
190,Orozco Alexander,20,64954
191,Martinez Manuel,63,18021
192,Williams Amanda,49,17265
193,Hill Brian,44,94228
194,Rose Christina,43,39429
195,Miller Shirley,63,35883
196,Campos Andrea,30,18491
197,Ryan Geoffrey,30,84610
198,Palmer Daniel,60,1138
199,Hill Frank,47,41209
200,Wilcox Kathy,56,811
201,Gonzalez Leslie,31,94411
202,Johnson Yvette,49,18051
203,Rodriguez Michael,52,27065
204,Flynn Cynthia,58,59160
205,French Victor,58,88904
206,Bennett Robert,26,73716
207,Deleon Thomas,33,15410
208,Rodriguez Sarah,28,20906
209,Macdonald Michelle,41,81715
210,Kelly William,21,97583
211,Williams Christopher,55,29068
212,Villa Kristin,32,19316
213,Ray Haley,44,53375
214,Griffith Lindsay,29,83920
215,Castillo Brandon,60,58531
216,Greene Jacqueline,61,47260
217,Little Donna,33,18114
218,Bolton Austin,31,26331
219,Young Morgan,31,23754
220,Moore Courtney,33,42548
221,Harrell Erik,22,56241
222,Medina Maria,45,14978
223,Mcbride Timothy,51,62758
224,Malone Jorge,65,81923
225,Ryan Jared,65,5469
226,Fitzgerald Kathy,40,95852
227,Austin Connor,27,29645
228,Potter Tiffany,24,17791
229,Wilson Michael,48,14549
230,Conley Alex,26,9865
231,Dawson Linda,44,43224
232,Larson John,51,12821
233,Rogers Anna,53,29916
234,Moore Jennifer,23,77050
235,Simmons Adam,62,3831
236,Gutierrez Danielle,60,66161
237,Delacruz Michael,35,95206
238,Jenkins Jennifer,50,21178
239,Long Kristen,20,98216
240,Villanueva Daniel,18,26497
241,Rangel Andrew,22,66598
242,Bridges Lauren,50,30877
243,Patterson Brian,48,97881
244,Lynch Ashley,30,95868
245,Hurley Christopher,18,94608
246,Gonzales Jason,25,86385
247,Carr Bethany,55,56216
248,Davidson Stephen,44,9674
249,Long John,54,78685
250,Garcia Erica,35,92402
251,Gillespie Susan,46,40395
252,Richard Joseph,45,18592
253,Smith Sara,53,52664
254,Delacruz Erica,63,4016
255,Mooney Katherine,47,2882
256,Garcia Thomas,59,40662
257,Petersen Tiffany,22,20078
258,Kelley Adam,41,1287
259,Elliott Alexandra,51,51890
260,Nichols Ryan,63,61345
261,Hall Carrie,38,36183
262,Martin Regina,32,50836
263,Smith Brittany,33,9971
264,Vega Travis,43,23217
265,Nelson Courtney,50,27134
266,Williams Stephanie,19,96430
267,Obrien Rebecca,52,66170
268,Hester Troy,63,58745
269,Gutierrez Tony,32,58255
270,Thompson Scott,25,62244
271,Knapp Michael,64,43659
272,Mckenzie Michael,34,87401
273,Torres William,55,89206
274,Hughes Tiffany,44,59173
275,Brown Christine,62,91213
276,Liu Edward,46,67175
277,Lewis Jennifer,23,97842
278,Wood Elijah,31,30699
279,Obrien Susan,60,16946
280,Santos Becky,43,8650
281,Young Jeffrey,37,30633
282,Ruiz Robert,33,20252
283,Thompson Andrea,56,11673
284,Moore Jennifer,42,5108
285,Craig Jonathan,19,87244
286,Fuller David,43,38798
287,Dudley Thomas,40,67140
288,Jennings Louis,56,39678
289,Potts Darren,36,91332
290,Alexander Morgan,51,40171
291,Norman James,23,6415
292,Jackson Autumn,46,9163
293,Spencer Christopher,45,22624
294,Brown Samantha,42,87167
295,Hubbard Cesar,30,21978
296,Ayers Christine,38,84074
297,Payne Tom,56,93609
298,Mclean Janet,30,73392
299,Macdonald Jacob,19,85983
300,Leblanc Jennifer,63,30745
301,Logan Roger,31,32393
302,Taylor Robert,34,93820
303,Cole Tara,65,42390
304,Parker Rachel,59,11408
305,Sampson Michael,53,50652
306,Mckenzie Kristy,52,25009
307,Meyer Gary,48,82048
308,Wallace Roberto,65,89590
309,Perez Olivia,49,5344
310,Nielsen Christine,38,20489
311,Lynch Dalton,43,25749
312,Gonzales Spencer,35,55886
313,Powell Corey,48,4682
314,Gonzalez Trevor,63,83842
315,Ponce James,65,51552
316,Smith Ebony,42,39188
317,Flores Shelby,27,39237
318,Cervantes Michael,21,30262
319,Hall Heidi,39,34913
320,Andrews Andrew,64,53293
321,Morrison Christopher,28,57784
322,Huff Jose,47,11577
323,Melton Kathy,43,14253
324,Patterson Michael,65,37464
325,Mueller Cody,31,5967
326,Wright Katelyn,57,63126
327,Edwards Travis,49,39042
328,Wood Anthony,34,92388
329,Richardson Mitchell,55,198
330,Edwards Sherry,65,59846
331,Richards Dawn,41,50057
332,Douglas Eric,37,61811
333,Brady Kim,30,35581
334,Coffey Philip,27,50366
335,Cook Amanda,20,34316
336,Wallace Charles,64,592
337,Davis Barry,51,11884
338,Wolfe Michele,38,5464
339,Miranda Christopher,64,76520
340,Green Nicole,50,50620
341,Zimmerman Edward,40,46876
342,Rodriguez Charles,52,21850
343,Webster Amanda,35,7379
344,Melton James,19,88243
345,Mitchell Carla,30,71023
346,Stone Hannah,39,44643
347,Carr Cynthia,56,227
348,Rodriguez Andrea,52,1080
349,Nguyen Michelle,56,2352
350,Martinez Richard,34,71934
351,Sellers James,27,38650
352,Bates Keith,60,12642
353,Taylor Amanda,24,70150
354,Arnold Debra,18,61302
355,Hawkins Mary,24,56209
356,Thompson Ashley,25,94790
357,Gomez Todd,32,75094
358,Morton Jon,22,5660
359,Norton Daniel,39,75587
360,Carlson Stephanie,35,88838
361,Turner Kevin,44,5747
362,Smith Katie,61,78651
363,Randall Amy,39,92195
364,Brown April,29,50904
365,Rodriguez Crystal,24,70925
366,Green Lisa,44,57340
367,Hall Scott,60,44076
368,Bailey Jacob,21,51217
369,Gallagher Stephanie,53,81047
370,Allen David,25,48313
371,Wilson James,50,87865
372,Hoffman Christine,31,81885
373,Boyer Andrew,35,61431
374,Parsons Lisa,46,42880
375,Clark Anthony,21,37499
376,Wilson Catherine,56,9162
377,Adams Michael,39,34706
378,Walters Barbara,21,94787
379,Kennedy Deanna,43,4549
380,Williams Jared,26,35176
381,Davis Paula,53,28859
382,Callahan Yesenia,46,92542
383,Flynn Brittany,58,98680
384,Owen Danielle,59,61721
385,Holmes Derek,35,4712
386,Rogers Heather,63,16307
387,Chen Carla,32,96332
388,Parker Sarah,35,32880
389,Crawford Amy,44,48561
390,Townsend Dawn,19,72349
391,Hill Gregory,19,58111
392,Campbell Timothy,46,96399
393,George Lisa,54,91408
394,Green Thomas,19,91916
395,Salas Jason,33,2664
396,Smith Mary,27,91152
397,Christensen Christopher,61,53406
398,Watson Gary,62,60068
399,Bell Ana,48,3514
400,Esparza Maria,63,57781
401,Jacobs Betty,36,70074
402,Hernandez Edward,58,55872
403,Johnson Nicholas,42,35539
404,Edwards Joshua,38,94270
405,Zimmerman Isaac,54,78332
406,Brown Ashley,57,77601
407,Sellers Beth,64,39730
408,Carroll Joseph,63,60274
409,Herman Brittany,42,68179
410,Simmons Steven,61,49036
411,Monroe Alan,30,93485
412,Bauer Deborah,36,8886
413,Velez Arthur,59,67565
414,Mcclain Daniel,31,61318
415,Murray Terri,60,21779
416,Hardy Eugene,43,81607
417,Wilson Teresa,42,98977
418,Bray Christina,36,76102
419,Johnston Michael,52,52412
420,Mann Krista,29,54144
421,Powell Christopher,35,11808
422,Lopez Nicholas,28,83433
423,Martin Sydney,29,75277
424,Smith Matthew,61,23336
425,Johnson Theresa,45,41088
426,Gardner Dustin,38,45275
427,Carrillo Mary,31,79213
428,Christensen Selena,41,873
429,Osborn Latoya,21,45712
430,Sandoval Natalie,43,16985
431,Armstrong Jacqueline,56,11746
432,Salazar Adam,30,36967
433,Beard Nicholas,20,16591
434,Myers Melissa,30,71544
435,Riddle Danny,62,50764
436,Walker Donald,30,27931
437,Gibson Lawrence,21,43314
438,Beck Andrea,38,38465
439,Reilly Joseph,23,48680
440,Aguilar Andrew,20,79420
441,Pierce Sara,38,61117
442,Kemp Richard,37,85067
443,Bullock Allen,33,75174
444,Griffith Thomas,19,55815
445,Brooks Judith,33,27634
446,Paul Evan,28,27695
447,Chavez Nathan,42,93415
448,Gutierrez Laura,24,89676
449,Castro Andrew,62,55731
450,Lopez Paul,49,79840
451,Harris Alexander,47,49519
452,Guerrero Dean,49,71501
453,Levine Paul,20,31474
454,Guerrero Christopher,21,74046
455,Page Christina,63,14510
456,Newton Wendy,38,32162
457,Khan Joshua,25,17248
458,Tyler Victoria,51,20674
459,Beck Carrie,57,11178
460,Jackson Kelly,25,6981
461,Harris Karen,53,77061
462,Rich Jeffrey,59,94561
463,Wallace Kelly,43,48979
464,Johnson Tanya,30,36414
465,Carroll Michelle,64,27445
466,Martinez Mark,54,25626
467,May Natalie,23,9047
468,Rogers Carla,34,32285
469,Lucas Denise,50,25672
470,Smith Jessica,24,96844
471,Johnson Mike,53,66451
472,Perez Jessica,55,19955
473,Myers Christina,49,57405
474,Austin Kristie,32,86678
475,Richmond Katherine,23,19846
476,Bowman Raymond,40,49674
477,Gutierrez Ana,61,54606
478,Robertson Nathan,33,36960
479,Martin Charles,40,58909
480,Anderson Theresa,20,36127
481,Miller James,29,75869
482,Woods Rebecca,30,24647
483,Cordova Donald,28,55953
484,Brown Mark,53,63094
485,Smith Jeffrey,58,4020
486,Rush Robert,53,42209
487,Forbes Michael,43,92385
488,Martinez David,28,77277
489,Meadows Kylie,21,99019
490,Francis Erin,31,34889
491,Trujillo David,53,3053
492,Perez Chris,34,45963
493,Richards James,31,58935
494,Hoffman Barry,63,31649
495,Garrison Daniel,37,35316
496,Hodge Laura,51,8727
497,Alexander Andrew,57,35108
498,Macdonald Raymond,40,31338
499,Johnson Cameron,39,94039
500,Charles Mike,25,43039
501,Miller Samuel,62,24560
502,Sandoval Courtney,63,54525
503,Lee Gregory,58,81991
504,Lee Scott,44,82375
505,Monroe Donald,49,29236
506,Nunez Yolanda,60,76135
507,Miller Joseph,41,60578
508,Montoya Elizabeth,53,98715
509,Lester Meghan,64,35375
510,Mcintosh Robin,35,5584
511,Rose Amber,55,17155
512,Lane Blake,29,67992
513,Craig Jamie,54,65017
514,Bryant Ronald,31,2816
515,Phillips Caleb,24,30817
516,Williams Ray,43,79125
517,Willis Courtney,36,56094
518,Sullivan David,57,65474
519,Zamora Matthew,63,55858
520,Baker Michael,56,48852
521,Davis Linda,22,88231
522,Pham Eric,52,39012
523,Williams Kimberly,37,89926
524,Martin Rachael,64,65463
525,Grant James,45,97602
526,Dixon Victoria,50,11794
527,Mccoy Christine,46,60720
528,Davis Shawna,64,53519
529,Salas Dana,63,878
530,Ross Kathleen,37,58763
531,Reyes Jack,35,73770
532,Mitchell Erika,20,91207
533,Golden Sophia,65,99444
534,Alexander Sarah,51,99371
535,Simmons Thomas,51,95929
536,Cook Patricia,41,42279
537,Williams Alexandra,38,46306
538,Fuentes Sandra,27,70267
539,Tate Veronica,40,6319
540,Fuller Leslie,29,56061
541,Smith Jesse,64,10322
542,Davidson Stephen,28,19022
543,Gay Amber,18,81743
544,Hudson Carl,63,68252
545,Elliott Joe,22,44568
546,Brown Melissa,47,56880
547,Ruiz Clayton,53,70810
548,Castillo Kimberly,54,95858
549,Smith Michael,48,19059
550,Pitts Craig,33,98895
551,Barnes James,54,3553
552,Torres Victoria,18,46514
553,Montoya Nicole,30,16669
554,Martin Anthony,49,99711
555,Torres Kirk,22,91802
556,Jones Carrie,32,68277
557,Turner Larry,49,69678
558,Hernandez Pamela,45,44933
559,Adams Carl,64,87558
560,Howard Jerry,57,93066
561,Harrison David,32,33371
562,Benton Meghan,45,98309
563,Pierce Raymond,31,62452
564,Glenn Nicholas,44,5274
565,Glass Kristi,65,50564
566,Stanton Joshua,31,42766
567,Estrada Sandra,27,36793
568,Wagner Karina,50,67026
569,Williams Christopher,51,60779
570,Henderson Martin,60,65834
571,West George,34,65138
572,Lynch Robert,51,19795
573,Smith Kendra,51,46627
574,Moore Patrick,58,53964
575,Gibbs Kaylee,32,45261
576,Tran Renee,32,38810
577,Lee Michael,34,14286
578,Jackson Emily,52,70247
579,Gilmore Michael,61,28986
580,Barrera Scott,29,96858
581,Sandoval Jorge,53,61900
582,Williams Jade,24,59813
583,Pope Alexander,49,59064
584,Mcgee Charles,24,96045
585,Malone Mark,54,143
586,Sherman Jamie,51,41784
587,Mccarthy Charles,32,80524
588,Guzman Kristen,51,45427
589,Tanner Kelly,62,2610
590,Gomez Christina,36,54644
591,Brown Cheryl,32,17814
592,Lawson Matthew,22,16221
593,Gray Sandra,27,14450
594,Wilson Maria,27,90300
595,Nixon Stephanie,42,48659
596,Smith James,38,5574
597,Mitchell Maureen,65,92227
598,Baker Laura,43,31782
599,Wilkins Lisa,28,76438
600,Howard Robert,50,55850
601,Murillo Dawn,49,6966
602,Bailey Denise,63,57422
603,Jackson Ashley,33,50723
604,Cross John,57,67948
605,Mitchell Brian,55,1981
606,Lee Chase,58,21977
607,Austin Sheila,55,59731
608,Flores Deborah,34,37163
609,Oconnor Morgan,49,32967
610,Williams Robert,36,76529
611,Ellis Michelle,61,70493
612,Jones Janice,60,15318
613,Dawson Timothy,59,74828
614,Acosta Tiffany,18,29027
615,Smith Tracey,41,27979
616,Cox Michelle,58,14541
617,Campbell Sherry,65,74985
618,Fuller Samantha,24,65898
619,Johnson Erica,49,36428
620,King Jade,23,42842
621,Rodriguez Kathleen,64,70759
622,Owen Emma,52,96073
623,Schmidt Debra,47,12930
624,Reilly Jose,48,44391
625,Schmidt Richard,62,98031
626,Hernandez Robert,36,48468
627,Walker Shannon,29,412
628,Roberts Patrick,61,12367
629,Hill Allison,63,76306
630,Bailey Kim,51,62628
631,Brown Angela,26,44769
632,Anderson Marissa,29,17447
633,Williams Jennifer,25,84944
634,Mendoza Karen,65,2856
635,Collins Larry,60,35100
636,Benton Lindsay,56,73472
637,Wright Vanessa,35,96148
638,Lewis Matthew,43,81865
639,Lee Joshua,42,99784
640,Jones Amber,30,41079
641,Alvarez Melissa,41,55231
642,Johnson Brandon,22,48608
643,Weber Tasha,57,8257
644,Ramirez Derrick,57,46295
645,Hernandez Christina,46,28485
646,Wong Carolyn,26,80350
647,Mata Erik,21,1115
648,Williams David,21,11924
649,Lee Kristi,29,40221
650,Barnes Jon,31,58432
651,Bryant Jennifer,46,54828
652,Leach William,24,13020
653,Whitaker Ashley,38,11002
654,Austin Heather,57,34675
655,Molina Brianna,45,16009
656,Brown Daniel,64,80259
657,Reynolds Douglas,30,72684
658,Pace Meghan,53,26059
659,Gould Joshua,23,15680
660,Torres James,32,37552
661,Grant Daniel,61,92663
662,Fritz Frank,53,7048
663,Mccullough Paul,42,21543
664,Wells Emma,29,78023
665,Willis Jennifer,34,99140
666,Johnson Charles,62,93263
667,Green Gavin,56,58930
668,Marquez Julie,50,30016
669,Simpson Brett,42,12798
670,Mitchell Jessica,61,23809
671,Baldwin Mark,48,76097
672,Lane Edward,35,80196
673,Tran Christopher,59,97279
674,Bowman Monica,40,25497
675,Castillo Pamela,62,78316
676,James Karen,50,18654
677,Mendoza Susan,65,99450
678,Peters Michael,36,33487
679,Barron Ashley,42,76270
680,Mclaughlin James,45,91696
681,Sanders Adam,55,74997
682,Gibson Natalie,40,28131
683,Downs Norma,36,62941
684,Moore Michael,51,56359
685,Gibbs Joan,53,25020
686,Gross Erik,33,14527
687,Washington Joshua,29,58796
688,Cooper Rachel,54,77418
689,Hobbs Rodney,37,39259
690,Copeland Kathleen,27,91287
691,Watson Jason,65,25876
692,Scott Kyle,24,57595
693,Hunter Cody,63,32198
694,Herring Jamie,56,56908
695,Gonzales Jonathan,20,87359
696,Keller Mark,62,25933
697,Hebert David,24,22662
698,Horton Megan,31,80356
699,Wilson Barry,37,12630
700,Stewart Douglas,21,7424
701,Perez Amber,45,39533
702,Jensen Andrew,48,60839
703,Evans Shawn,20,71578
704,Crawford Ronald,27,52649
705,Mejia Daniel,64,54860
706,West Justin,50,22148
707,Woods Peter,22,50667
708,Fisher Savannah,58,74628
709,Myers Bill,60,85767
710,Nicholson Ann,60,22061
711,Baker Alejandra,33,22929
712,Nolan Juan,31,48657
713,Knox Nicole,36,40290
714,Alvarez Raymond,45,65698
715,Woodward Mark,43,18306
716,Acosta Ashley,29,66487
717,Wolfe Kenneth,23,19721
718,Johnson Andrew,46,11886
719,Pope Sandra,45,86886
720,Reed Jessica,34,85765
721,Shelton Ariel,58,51751
722,Lawson Angela,60,64448
723,Henry Heather,19,78760
724,Hopkins Amber,45,75899
725,Hawkins Allison,58,7776
726,Barry Gerald,60,14278
727,Howard Cody,43,77278
728,Castillo Charlotte,36,925
729,Armstrong Ashley,49,32708
730,Perez Michael,58,3709
731,Lang Amy,52,91418
732,Hall Kelli,53,79945
733,Hall Thomas,57,3002
734,Jacobson Christine,62,68085
735,Juarez Brittany,41,41141
736,Lawson Ashley,65,25043
737,Foster Melinda,37,66163
738,Wilson Adrian,41,64365
739,Mann Jason,52,87713
740,Williams Jeffrey,25,5141
741,Rhodes Daniel,44,65585
742,Velez William,59,87257
743,Davis Michael,26,33325
744,Buck Tyler,32,15929
745,Kennedy Steve,19,92805
746,Davis Christina,27,56591
747,Sloan Joyce,59,88635
748,Wilcox Douglas,30,16176
749,Spencer Michael,34,43418
750,Wells Tony,35,14703
751,Gregory Diana,25,83352
752,Taylor Joyce,61,95930
753,Huynh Christopher,47,49133
754,Cannon Shannon,19,30820
755,Smith Fred,64,64343
756,Montoya Bradley,33,37119
757,Johnson Stacy,45,75170
758,Gonzalez Diana,42,86756
759,Choi Deborah,65,48936
760,Padilla Ian,22,55954
761,Page Samantha,37,38317
762,Esparza Rodney,33,57018
763,Mathis Keith,54,57445
764,Bell Ashley,40,64971
765,Maldonado Julie,32,1665
766,Leblanc Lisa,53,91162
767,Griffin Alan,48,95067
768,Sanchez Lori,53,8587
769,Glover Gregory,48,92275
770,Wiley John,26,13698
771,Rivera Diana,23,64572
772,Ferguson Melissa,29,27496
773,Mosley Danielle,56,58795
774,Allen Benjamin,59,60496
775,Fisher Nicole,53,19354
776,Anderson Johnathan,54,44972
777,Spencer Kathleen,58,69538
778,Richard Joshua,49,83293
779,Cherry Karen,26,83584
780,Rose Tara,63,68519
781,Lawson Gabriela,47,37764
782,Benson Jessica,65,4160
783,Rodriguez Jonathan,54,32228
784,Vargas Laura,37,20193
785,Morris Kelly,20,77740
786,Hancock Victor,55,85900
787,Hurley Anthony,45,75861
788,Day Jenna,30,2497
789,Johnson Devon,39,83342
790,Young Joseph,39,30727
791,Gonzalez Danielle,47,60683
792,Campbell Lauren,33,67581
793,Harris Amy,27,22867
794,Schneider Alan,34,74541
795,Martinez Jennifer,43,82207
796,Lowe Alexis,56,41521
797,Vargas Michael,45,86982
798,Cabrera Travis,63,32157
799,Allen Daniel,51,76413
800,Martin Christy,45,54627
801,Foster Juan,64,79444
802,Weaver Timothy,39,37467
803,Murphy Alexander,46,68382
804,Tucker Randy,37,9382
805,Elliott Mark,22,78942
806,Silva Jonathon,50,45959
807,Miranda Daniel,35,58675
808,Mcmillan Alicia,25,79513
809,Ferrell Rachel,18,70437
810,Vaughn Ashley,43,26299
811,Marks Catherine,42,99441
812,Howell Robert,40,32296
813,Baker Matthew,57,63107
814,Smith Miranda,49,72382
815,Lawson Lynn,25,75473
816,Banks Justin,47,45547
817,Parsons Sherry,58,10757
818,Green Frederick,37,58216
819,Thompson Taylor,47,91837
820,Garcia Steven,18,89292
821,Burns Trevor,56,99292
822,Jimenez Alexis,34,65054
823,Perez Erica,25,57455
824,Johnson Raymond,32,64467
825,Mills Jennifer,24,8411
826,Johnson Stephen,32,5425
827,Yates Gabrielle,27,95392
828,Jones Amy,45,78379
829,Brady Sue,56,47258
830,Padilla Debbie,20,74793
831,Howard Carla,64,7530
832,Mcguire Jerry,45,58536
833,Hopkins Rickey,31,74881
834,Hogan Maureen,64,87667
835,White Brittany,37,82382
836,Vargas Amanda,38,82326
837,Brown John,54,69583
838,Molina Angela,43,22800
839,Love Julie,22,4503
840,Nelson Julie,28,10504
841,Beck Craig,51,54673
842,Hall Samuel,52,14567
843,Cox Cathy,65,2835
844,Allen Catherine,56,6992
845,Williams Paul,33,27453
846,Davis Sara,49,14453
847,Carter Emily,63,26342
848,Brady Peter,43,80311
849,Franco Brian,36,76817
850,Stein Antonio,46,19743
851,Davis Robert,32,65876
852,Dennis Adam,51,28423
853,Pena Claudia,26,6304
854,Schneider Kristopher,31,53800
855,Chapman James,63,84144
856,Wilson Maureen,20,20448
857,Wilson David,31,9608
858,Lopez John,26,63047
859,Hayes Brenda,44,723
860,Logan Richard,33,4902
861,Graves Lynn,50,43045
862,Norris Lisa,41,80867
863,Perez Richard,24,63303
864,Sutton Michael,28,12367
865,Conner Melissa,42,23134
866,Allen Eric,22,97233
867,Spencer Jessica,64,86240
868,Herrera Carolyn,63,66259
869,Wright Tammie,51,95951
870,Perez Kelly,45,65271
871,Rodriguez April,49,93427
872,Castillo Jasmine,53,41249
873,Jones Michael,45,53657
874,Rodriguez Whitney,28,3069
875,Costa Isaac,40,33846
876,Howard Cassie,23,42014
877,Harrell Mary,36,88162
878,Wade Lori,42,20465
879,Savage Shannon,21,59314
880,Rogers Joshua,47,39896
881,Navarro Timothy,28,87045
882,Martin Marissa,18,731
883,Boyer Sherry,30,20011
884,Foley Diana,46,50747
885,Anderson Ruben,21,25431
886,Nicholson Alicia,57,43791
887,Lopez Trevor,20,12567
888,Munoz Jared,28,50562
889,Henderson Sarah,45,11400
890,Davenport Richard,37,96380
891,Hart Kathleen,44,19821
892,Brown Robert,32,32637
893,Golden Nicole,37,46729
894,Beard Michael,55,43616
895,Jenkins Nathan,49,30506
896,Perry Zachary,52,59529
897,Wells Matthew,43,93288
898,Thompson Edward,44,86974
899,Vargas Tanya,52,85107
900,Frost Shawna,35,56577
901,Peterson Sherry,25,82348
902,Davies Laura,42,93651
903,Nguyen Tina,28,50576
904,Carter Deanna,21,2158
905,Martin Lisa,55,36879
906,Price Rebecca,54,62310
907,Owen Bridget,36,3787
908,Perkins Eric,35,87155
909,Gonzales Amanda,64,22787
910,Morris Joanna,36,21306
911,Sims Matthew,41,15874
912,Wilson Kimberly,57,30570
913,Oliver David,55,86923
914,Kent Cassandra,30,24584
915,Dalton John,61,73086
916,Patel Gloria,53,79154
917,Thomas Joseph,51,45567
918,Gordon Jonathan,47,75973
919,Gonzales Ashley,63,42189
920,Phillips Kimberly,35,72115
921,Spears Brandon,19,67143
922,Fields Emily,33,8455
923,Castro Melissa,20,23227
924,Lawson Samantha,38,61235
925,Ferguson Amanda,51,68356
926,Duncan Dale,24,26629
927,Wright William,28,97709
928,Flores David,41,46509
929,Smith Laura,20,71255
930,Hansen Jonathan,18,78540
931,Flores Brian,25,20662
932,Haley John,27,70059
933,Davis Jacqueline,39,85710
934,Cox Austin,24,31741
935,Kelly Nicole,29,45217
936,Barker Jacob,42,56655
937,Moreno Toni,48,8713
938,Tapia Evan,62,463
939,Johnson Samantha,58,29898
940,Williams Richard,20,95303
941,Ross Jeffrey,64,26838
942,Barber Alexander,48,75654
943,Henry Stephanie,24,5722
944,Clark Shawn,62,71243
945,Wilson Elizabeth,62,93799
946,Rodriguez Joshua,25,32022
947,Mcdonald Cassandra,21,30184
948,King Megan,52,68260
949,Park Natalie,43,74703
950,Simon Tony,49,13941
951,Le Joshua,30,36847
952,Kennedy Melanie,18,25987
953,Page Carrie,49,33012
954,Yang Courtney,40,52734
955,Stone Melissa,28,30850
956,Schultz Katelyn,54,6529
957,Mack Melissa,29,45680
958,Adams Edward,43,9872
959,Russell Judy,20,58220
960,Davis Don,38,66785
961,Silva Jillian,47,60845
962,Barry Elizabeth,62,55431
963,Rosales Laura,32,26122
964,Bruce Diana,18,85847
965,Smith Amanda,40,25525
966,Snyder Angelica,50,99751
967,Weaver Michelle,58,37770
968,Johnson Nicholas,55,45432
969,Fields Lauren,59,91649
970,Patterson Austin,29,45939
971,Brooks Donna,44,88617
972,Lee Jerry,40,57
973,Fields Crystal,26,513
974,Sanders Diane,25,39041
975,Franklin Danny,46,11955
976,Church Steven,51,45442
977,Bradley Stephanie,22,11817
978,Blackburn Zachary,26,34894
979,Yu Sarah,31,13225
980,Walker Sean,35,88881
981,Jones William,32,7416
982,Ramos Martin,24,63465
983,Montgomery Jasmin,61,7966
984,Rodgers Brooke,31,39501
985,Harrell Debra,49,53955
986,Byrd Judy,19,69997
987,Dunn Casey,65,3442
988,Quinn Madeline,20,39705
989,Garcia Angela,62,86635
990,Hansen Jose,30,72058
991,Campbell Joshua,59,98839
992,Bradley Eric,35,28440
993,Stewart John,36,35157
994,Stanley Anna,60,45654
995,Bird Cody,35,24177
996,Fernandez Christopher,51,30037
997,Weber Brandi,50,71689
998,Jacobs David,38,51251
999,Ramirez Misty,63,31553
1000,Woods Rebecca,43,57820
