first_name,last_name,dob,email
Jennifer,Floyd,1981-02-09,seancannon@example.com
Kristy,Jensen,2000-02-29,nbrooks@example.net
Ricardo,Yang,1939-12-01,jsalas@example.org
Johnny,Alexander,1983-09-24,adrian52@example.org
Russell,Hebert,1992-01-08,shannonhamilton@example.org
Emma,Willis,1952-09-23,perrytodd@example.com
Matthew,Rodriguez,1972-05-02,shannon33@example.net
Ruth,Davis,1954-08-22,hopkinschristine@example.org
Christopher,Williams,2001-06-22,fstephenson@example.com
Joshua,Phillips,1965-12-18,nicholasallen@example.net
Anthony,Perez,1957-03-07,jordan87@example.com
Brandon,Brandt,1940-06-01,lifelicia@example.net
Tyler,White,1949-08-03,rebeccasawyer@example.com
Jaime,Barnett,2004-12-28,lorileonard@example.net
Rachel,Evans,1959-02-23,todd47@example.net
Evelyn,Martin,1957-03-04,vdougherty@example.net
Jeff,Johnson,1965-09-11,johnsonlinda@example.com
Tara,Black,2001-09-21,wmyers@example.net
Brooke,Martinez,1950-08-17,bondadrian@example.org
Amanda,Ruiz,1971-08-04,rebeccawilson@example.org
Joseph,Taylor,2002-06-17,jorge37@example.com
Candice,Lambert,1974-03-03,joannasimon@example.org
Amy,Oconnor,1982-03-06,wilsonjohn@example.com
Abigail,Beard,1953-10-17,davidrobinson@example.com
Jeffrey,Patton,2000-09-10,nadams@example.net
Allen,Benson,1980-08-08,mary98@example.org
Michael,Schmidt,1962-05-03,walshgabriel@example.com
Todd,James,1960-08-22,thomasbrett@example.com
Amy,Roberson,1960-05-14,patrickwilliams@example.net
Jacqueline,Conner,1991-02-22,christy59@example.org
Diana,Johnson,1948-07-18,brian70@example.com
Victoria,Pollard,2002-09-29,johngolden@example.org
Lauren,Huber,1937-11-09,jennifer07@example.com
Patricia,Harrison,1983-07-09,christine89@example.com
Michael,Martinez,1954-08-24,uedwards@example.net
Jeffrey,Mason,1969-12-27,andrewskevin@example.org
Katherine,Young,1941-03-06,josephkristen@example.org
Kevin,Nelson,1995-11-29,evelynweaver@example.com
Julie,Brown,1996-08-02,gibbsrichard@example.com
David,Reyes,1943-05-29,cynthiarodriguez@example.org
Dustin,Clark,1999-03-23,murphycrystal@example.org
Robert,Simpson,1950-11-30,alexmoon@example.net
Kimberly,Richardson,1974-07-01,bayers@example.net
Theresa,Bell,1954-05-13,xrios@example.net
Bruce,Lambert,1940-05-03,phamvalerie@example.org
Willie,Gordon,1951-09-09,jennifer48@example.org
April,Boyer,1946-04-25,dana95@example.net
Rachel,Henderson,1982-08-12,xphillips@example.net
Ethan,Collins,1960-07-27,reginaldware@example.net
Karen,Keith,2006-01-23,itaylor@example.net
Christopher,Smith,2004-07-23,emily90@example.com
Morgan,Collins,1942-11-02,karenmartin@example.com
Timothy,Moss,1935-01-29,langjennifer@example.org
Joshua,Brown,1962-01-18,johnrhodes@example.org
Linda,Allen,1999-12-19,melindamcdonald@example.com
Edward,Vargas,1943-03-05,zharris@example.com
Michael,Martin,1967-07-09,morgangutierrez@example.org
Amy,Baker,1972-08-28,jodymills@example.org
Rebecca,Gallagher,1952-12-27,fisherchristopher@example.org
Rachael,Li,1998-01-24,nallen@example.com
Alicia,Wright,1982-11-27,elizabeth79@example.net
Jacob,Cain,1989-01-08,katherineross@example.org
Christina,George,1951-01-25,jnovak@example.org
Jessica,Hobbs,1970-10-31,brewerbrittany@example.org
Douglas,Gutierrez,1966-11-13,ymoss@example.com
Michele,Morrow,1959-01-21,jdecker@example.net
Eric,Kim,1972-07-07,scott08@example.org
Sean,Mccullough,1945-05-27,carterdawn@example.com
Robert,Lewis,1954-08-20,kaiseryolanda@example.net
Kristi,Bolton,1982-12-31,vroman@example.com
Kevin,Tran,1957-02-02,kylemurphy@example.com
Tina,Morgan,1952-05-15,daniellemiller@example.com
Wanda,Warner,1938-10-13,danielpamela@example.org
Susan,Smith,1988-02-14,qgray@example.org
Aaron,Hughes,1983-07-19,gonzalesjason@example.org
Danielle,Nguyen,1973-09-12,bkirby@example.org
Melinda,Sexton,1951-03-09,robert77@example.org
Laura,Sanders,1963-10-14,vjones@example.org
Rachel,Crawford,2002-04-15,lisa82@example.com
Jennifer,Young,1955-11-04,wwatts@example.com
Meghan,Smith,1960-05-05,andersonpatrick@example.net
Christopher,Shepherd,1952-07-30,tiffany77@example.net
Sara,Rodriguez,1936-10-10,thomasjose@example.net
Stanley,Christian,1969-03-13,grimesjulie@example.net
Alison,Martin,1969-04-29,vwalker@example.org
Kurt,Carey,1969-06-23,brookskarina@example.net
William,Elliott,1965-12-08,lisaparker@example.com
Alejandro,Spence,1966-07-02,amy74@example.org
Bobby,Mckinney,1945-03-09,estradadavid@example.org
Madison,Morton,1973-04-23,sjones@example.org
James,Cole,2005-09-23,vcoleman@example.com
Dustin,Johnson,1999-04-22,oparks@example.net
Amanda,Scott,1943-04-24,jennifer36@example.net
Christopher,Wong,1967-12-19,virginia83@example.net
Shawn,Adams,1991-08-26,parrishrebecca@example.org
Earl,Moore,1982-11-15,kathy09@example.com
Robert,Wall,1952-12-05,rkhan@example.net
Taylor,Smith,1990-10-27,jmorales@example.net
Timothy,Lewis,1971-07-14,aaron16@example.org
Emily,Ross,1978-10-27,heatherchristensen@example.net
Annette,Castillo,1983-05-04,michael26@example.org
Melissa,Miller,1981-10-21,jennifersummers@example.com
David,Heath,1999-01-12,qking@example.net
Katherine,Ballard,1990-06-04,kelsey88@example.net
Denise,Richardson,1946-12-01,charlenegarcia@example.org
Nicholas,Holmes,1978-09-25,iowens@example.com
Tina,Martinez,2005-05-08,oclements@example.org
Melissa,Farmer,1938-05-23,terri13@example.com
Jose,Jones,1959-03-09,frank78@example.com
Robert,Jones,1996-08-26,williamsonbryan@example.com
Amanda,Rodriguez,1955-01-25,olsonrobin@example.org
Jason,Cherry,1946-06-17,brittney10@example.com
Gregory,Mccoy,1942-10-21,ygilbert@example.com
Erin,Dudley,1958-09-28,dennis60@example.net
Chad,Garrett,1978-04-24,qnash@example.org
Malik,Cox,1989-05-02,pnunez@example.net
Andrew,Cooper,1999-07-05,vgarner@example.net
Charles,Hamilton,1990-06-18,kathyparker@example.net
Christine,Smith,1938-09-04,aking@example.net
Johnny,Davis,1960-02-05,gdaniels@example.org
Brittany,Ortiz,1978-04-24,wsimon@example.org
Christopher,Martinez,1994-08-23,westheather@example.com
Russell,Lester,1998-05-02,richardpayne@example.net
Michael,Johnson,1960-08-17,irios@example.com
Carol,Carter,1953-01-12,josephwilliams@example.org
Kelly,Walker,1944-06-24,jeremydavis@example.net
John,Schultz,1973-01-11,franklinmargaret@example.net
Andrew,Smith,1986-07-10,kayla25@example.net
Jennifer,Lara,1942-02-08,johnserica@example.com
Samantha,Nelson,1935-06-05,ericjackson@example.net
Joseph,Hopkins,1945-02-12,vsanchez@example.net
Laura,Sanchez,1949-07-03,danielmcmillan@example.net
Rebecca,Smith,1946-12-13,qcarroll@example.org
Maria,Thomas,1958-09-09,brownheather@example.net
Jeremy,Ross,1950-02-11,millerbilly@example.com
Sarah,Cabrera,1960-06-22,lcervantes@example.com
John,Dalton,2001-12-30,christopher14@example.com
Colleen,Olson,2006-02-17,ramirezbriana@example.org
Amy,Cruz,1982-11-24,teresabailey@example.net
Johnny,Garrison,1946-10-26,emily11@example.net
Cynthia,Glenn,1949-01-11,brandon79@example.com
Adam,Bartlett,1986-04-22,donnamack@example.net
Jessica,Vang,1961-02-28,derek16@example.com
Tonya,Pope,2004-08-27,michael78@example.org
Andrew,Clarke,1978-09-18,branchcarol@example.com
David,Johnston,1997-06-29,slarson@example.org
Troy,Frost,1960-10-15,andrew78@example.org
Timothy,Cook,2001-11-03,traviskane@example.org
Lisa,Rose,1978-10-09,uhenson@example.org
Michael,Clark,1957-10-20,eileen48@example.org
Randy,Lewis,1936-07-29,james73@example.org
Rodney,Hanson,1962-11-23,rsosa@example.com
Jennifer,Daniel,1992-10-06,regina64@example.com
Jessica,Blackwell,1936-01-30,jimmy78@example.net
Maria,George,1957-02-24,vphelps@example.net
Jonathan,Scott,1948-05-09,timothywilson@example.net
Ryan,Black,1975-12-10,collinsnathaniel@example.com
Leslie,Flores,1943-06-22,damon21@example.net
Daniel,Guerrero,1946-07-31,omitchell@example.net
John,Johnson,2002-05-24,wesley11@example.net
Jessica,Anderson,1987-03-03,jeffreyespinoza@example.org
Luke,Simpson,1935-10-07,pbradley@example.com
Paul,Gonzales,1963-07-31,michellepatterson@example.com
Spencer,Morris,2004-01-21,thicks@example.net
Brandon,Walker,1984-03-02,davisamy@example.org
David,Howard,1961-08-25,jcombs@example.com
Michele,Joseph,1950-08-07,crodriguez@example.com
Ashley,Rodgers,1961-08-29,thompsonanthony@example.org
Taylor,Thornton,2006-09-09,patrickbrooks@example.net
Jennifer,Kim,1962-05-09,kevin60@example.net
Matthew,Fuller,1944-07-14,lewiscourtney@example.net
Maureen,Lopez,2005-08-05,gcarlson@example.org
Maxwell,Carrillo,1975-12-13,victortaylor@example.com
Samuel,Douglas,1992-08-04,hunterjamie@example.net
Richard,Crosby,1968-04-20,randallrodriguez@example.org
James,Noble,1938-12-16,boydmary@example.net
Steve,Campbell,1966-09-20,zwood@example.com
Sean,Chavez,1981-01-17,kingthomas@example.com
Natalie,Williams,1971-08-23,petersjenna@example.net
Brian,Martin,1941-05-13,alejandrocarr@example.org
Tammie,Cole,1934-04-14,jenny53@example.org
Bruce,Murphy,1983-01-05,davidchavez@example.org
Jeanette,Martinez,1979-11-03,stephen00@example.net
Maria,Salinas,1950-01-01,lindsay21@example.com
Jennifer,Garrison,1960-08-09,kimgates@example.net
Melissa,Stephens,1965-03-19,marshalljohn@example.org
Tracy,Malone,2005-09-11,bautistaeric@example.org
Peter,Hernandez,1969-08-28,meredithcuevas@example.com
Curtis,Bates,1973-10-22,shanebrown@example.org
Christopher,Hamilton,1945-10-04,kelly42@example.org
Jill,Fuentes,1986-02-27,leekaitlyn@example.org
Carlos,Ayala,1945-11-23,srice@example.net
Joshua,Brady,1942-12-30,piercelorraine@example.org
Michael,Hernandez,1980-12-21,wallaceemily@example.com
Rhonda,Stephens,1988-09-01,uspencer@example.org
Christian,Larson,1975-06-02,hberry@example.com
Roberto,Blevins,2002-05-24,william29@example.org
Catherine,Carter,1939-02-28,johnnguyen@example.org
Lauren,Brown,1983-10-21,bjohnson@example.net
Felicia,Bright,1959-04-23,anthonyferguson@example.com
William,Coleman,1948-06-21,icrawford@example.net
Seth,Bruce,1951-04-04,angelamarshall@example.com
Jane,Roberts,1993-11-24,bryceparker@example.org
Aaron,Brown,2003-08-11,bhardy@example.net
Derek,Brown,1961-08-14,zingram@example.org
Kathryn,Butler,1948-05-04,nathanevans@example.net
Kristen,Benjamin,1998-10-11,mooremichael@example.com
Sheryl,Dixon,1945-01-01,kathleen07@example.org
Pamela,Singleton,1974-07-11,rose95@example.com
Christine,Morris,1967-09-18,nancyblack@example.com
David,Lopez,1972-04-20,amy60@example.net
Vanessa,Carpenter,1953-07-22,maryrichardson@example.net
Nathan,Ballard,1947-12-21,timothy85@example.com
Jason,Walker,1979-08-18,vickibaldwin@example.com
Craig,Mitchell,1973-02-03,hlopez@example.org
Donald,Fleming,1948-06-16,reedmorgan@example.net
Mark,Mayer,1982-09-15,dunlapkevin@example.org
Dennis,Coleman,1947-03-07,pblake@example.net
Joanna,Brown,1937-01-20,cameronmargaret@example.org
Emily,Jones,1952-03-18,umccullough@example.net
Brittany,Brooks,1950-12-12,dawn11@example.org
Frank,Robinson,1942-08-31,joseph30@example.org
Joseph,Welch,1957-01-13,thomasperez@example.com
Mary,Smith,1968-01-27,williamortiz@example.com
Nicholas,Taylor,1945-09-11,campbellnicole@example.net
Shawn,Campbell,1994-04-26,wmendoza@example.org
David,Smith,1973-05-25,alexis54@example.net
Daniel,Byrd,1941-09-16,joan54@example.net
Jennifer,Hunt,1957-05-19,hgomez@example.com
Mary,Stewart,1993-02-18,benjaminfrench@example.net
Michael,Coleman,1989-01-27,barbarawillis@example.org
Bradley,Woods,1978-07-24,colemannathan@example.com
Raymond,Sandoval,2003-08-30,nicolesmith@example.com
Thomas,Osborne,1939-01-23,cstrong@example.com
Justin,Moore,1956-06-09,alexandriabarnes@example.org
Nancy,Robinson,1964-02-01,susannelson@example.com
Daniel,Carrillo,1937-07-02,richardbell@example.com
Keith,Rodgers,1957-05-16,uortega@example.org
Margaret,Ramirez,1934-12-30,mbrown@example.net
Jason,Tucker,1974-11-27,thomascarla@example.net
Bethany,Patel,1971-06-15,brendasteele@example.org
Thomas,Massey,1938-07-17,randall68@example.net
Tammy,Higgins,1948-07-06,morgangreen@example.org
Kristina,Vega,1967-01-18,popemichael@example.net
Andrew,Rich,1955-10-25,guzmanmichael@example.org
Fernando,Bowman,1965-11-06,brettdoyle@example.org
Jeffrey,Hernandez,1969-03-24,poolevirginia@example.net
Bethany,Torres,1952-11-25,xpham@example.org
Anthony,Alvarez,1971-05-14,marywilliams@example.com
Steve,Short,2005-06-14,ksmith@example.org
Kenneth,Harper,1965-12-03,scottschmidt@example.net
Clifford,Ingram,1997-01-19,johnathan36@example.org
Christina,Trujillo,1983-03-13,kjones@example.org
Erin,Pena,1956-01-06,tony63@example.com
Michele,Quinn,1974-08-14,christophersimpson@example.com
Eileen,Reed,1996-12-27,rachellane@example.net
Richard,Hodges,1971-03-06,mwiggins@example.net
Sarah,Wilson,1974-02-23,shafferkatie@example.org
Gabrielle,Taylor,1998-04-11,karen29@example.com
Chelsea,Martin,1973-06-14,christophergriffin@example.net
Joyce,Chaney,1982-01-20,uwood@example.org
Jon,Hill,1948-09-30,kathleenrichardson@example.org
Emily,Mcknight,1942-05-17,reedanna@example.com
James,Washington,1986-12-06,michaellopez@example.org
Karen,Willis,1980-05-06,butlerjames@example.org
Jasmine,Shelton,1978-03-02,melissagarza@example.com
Cynthia,Wise,1976-09-23,andrew95@example.net
Lauren,Foster,2006-07-01,tracy90@example.net
Antonio,Howard,1969-07-05,kelsey73@example.com
Brian,Davis,1949-10-01,danieljohnston@example.org
Jessica,Jones,1950-08-19,meganbrooks@example.net
Pamela,Waters,2000-10-02,lanevictoria@example.org
Jonathan,Huang,1956-11-16,amy16@example.org
Marc,Oneal,1962-04-17,michael49@example.com
Matthew,Bates,1996-04-29,adrianharris@example.net
Austin,Roberts,1955-07-06,stevensonamy@example.org
Amber,Turner,1997-08-31,danielrojas@example.net
Paul,Phillips,1980-04-21,ebartlett@example.com
James,Smith,1955-12-05,mconley@example.org
Justin,Wilson,2006-09-16,vaughnheather@example.net
Jason,Palmer,1946-02-27,zdiaz@example.org
Todd,Harding,1995-11-07,amandanewton@example.net
Laura,Hardin,1951-04-25,rachaelreynolds@example.com
Diana,Sullivan,1947-06-27,kyle83@example.org
Misty,Williams,1985-09-15,woodkyle@example.org
Bianca,Crawford,1954-05-08,christopher41@example.org
Roger,Carpenter,1992-02-25,pdavis@example.org
Ryan,Hess,1955-03-18,colejohn@example.org
Joanna,Phillips,1959-09-14,garciajorge@example.org
Carrie,Peterson,1938-02-22,jasonbishop@example.org
Annette,Malone,1947-08-23,austinmaria@example.net
William,Gonzales,1960-03-01,jodi70@example.com
Michelle,Harding,1992-09-23,ghernandez@example.org
Brian,Jacobs,1982-05-01,danielstuart@example.org
Thomas,Miranda,1989-12-24,brucecynthia@example.org
Jon,Kent,1965-07-27,obarnett@example.net
Samantha,Yang,1941-12-23,christopherkline@example.net
Kristin,Mason,1967-05-08,tim86@example.org
Martha,Maynard,1981-09-01,burnettwilliam@example.org
Amber,Huang,1947-12-14,molly43@example.net
Karen,Mccarty,1946-09-07,noah60@example.net
Margaret,Mcclain,1994-12-27,sarah26@example.net
Gabriel,Perkins,1992-04-21,aaronhenson@example.com
Jennifer,Watkins,1971-10-12,rivaswilliam@example.com
Joseph,Knapp,1970-03-20,fostercheryl@example.com
Megan,Cooper,1982-02-18,melinda44@example.org
Scott,Wright,1956-05-03,krista05@example.com
Heather,Baker,1948-05-04,rojasdaniel@example.com
Emma,Butler,1956-01-08,dburke@example.org
Joshua,King,1998-09-23,gjones@example.org
Sarah,Lang,1963-09-01,pjoyce@example.org
Dominique,Bishop,1962-05-17,brandon93@example.net
Theresa,Carroll,1980-10-01,coxlori@example.org
Steven,Taylor,2000-08-16,joshua27@example.com
John,Bush,1994-12-19,martinunderwood@example.org
Nathan,Thomas,1979-08-16,irwinjohn@example.org
Jason,Johnson,1963-06-27,rcunningham@example.net
Bridget,Gallagher,1950-04-03,rodney88@example.org
Kevin,Steele,1939-05-20,ulittle@example.net
Brian,Hines,1993-09-14,candice98@example.com
Heather,Walker,1958-10-15,lisa98@example.com
Alexandra,Garcia,2005-05-19,patricia49@example.org
Brian,Thomas,1943-09-08,amandaroberts@example.net
Jesus,Thompson,1962-12-30,mooreroger@example.net
Ricky,Conley,1956-11-01,santanamolly@example.com
David,Murray,1942-04-09,steven18@example.net
Paula,Hernandez,1967-10-14,martinezspencer@example.org
Marcus,Doyle,1988-02-26,shirley61@example.com
Joshua,Andrews,1979-02-27,kimberly25@example.net
Jeremy,Brown,1983-12-18,laura11@example.net
Amanda,Beard,1991-01-29,ryan38@example.com
Paul,Delacruz,1985-01-25,patricia99@example.org
Jessica,Chambers,1991-12-15,paulbaker@example.net
Timothy,Fisher,1995-06-22,baileyshannon@example.org
David,Jones,1937-09-08,terri60@example.org
Michael,Young,2003-07-23,tracie49@example.net
Manuel,Gates,2003-12-24,zperry@example.org
Jeffery,Garcia,1946-10-19,rmartinez@example.org
Michelle,Yoder,1950-02-25,rhernandez@example.net
Sara,Perkins,1972-06-09,ryan90@example.org
Wanda,Garcia,1973-10-19,marychase@example.org
Jennifer,Jackson,2001-09-02,danielfisher@example.net
Randy,Stewart,1948-03-13,jasonwebb@example.net
Samantha,Cummings,1936-02-07,matthewbrown@example.net
Jenna,Martin,1978-11-17,tbaldwin@example.com
Justin,Bowen,1999-01-28,eduardoford@example.org
Tiffany,Robertson,1960-01-14,emma16@example.net
Nicholas,Herring,1934-09-29,kzuniga@example.com
Jacqueline,Allen,1991-06-03,julian30@example.org
Robert,Snyder,2005-05-21,mariaburch@example.org
Andrew,Warren,1951-12-09,erik66@example.org
Shelly,Stone,1975-07-13,xhernandez@example.org
Paul,Torres,1992-10-03,gabrielflynn@example.net
Megan,Walls,1999-11-05,maryshaw@example.org
Anthony,Evans,1959-03-30,gbishop@example.com
Sheila,Krause,1944-06-08,diazraymond@example.org
Brenda,Mullins,1950-01-03,fwatson@example.com
Nathan,Tate,1979-02-26,jstephens@example.com
Sylvia,Woodward,1996-06-13,ryan07@example.org
Sandra,Patterson,1958-03-10,fitzgeraldhenry@example.net
Elizabeth,Roberts,1937-08-15,jamie98@example.org
Billy,Payne,1981-01-20,collinsjohn@example.com
Donald,Kirby,1979-05-08,nathanmartinez@example.net
Colin,Davis,1955-10-30,stanleychristensen@example.org
Shannon,Gray,1940-09-15,foxrachel@example.net
Christine,Ward,1944-07-20,jill82@example.net
Cristian,Wells,1959-11-18,banderson@example.org
Gina,Scott,1970-11-04,rpalmer@example.org
Jessica,Cervantes,1994-10-10,crystalsparks@example.com
Peter,Bright,1939-04-24,davidgarcia@example.com
Terri,Miller,1985-03-28,michael41@example.org
Jeanne,Doyle,1956-12-30,juliabuchanan@example.com
Tyler,Graham,1966-09-02,jose53@example.org
Bryan,Jackson,1955-10-01,zmckee@example.com
Lynn,Bates,1941-03-27,bethany39@example.net
David,Meadows,1993-06-24,annetteellis@example.com
Douglas,Taylor,1967-01-31,christinareyes@example.org
Matthew,Hendrix,1935-09-20,ulong@example.net
Jessica,Fleming,1934-02-06,ericfuller@example.net
Jack,Greene,1946-01-01,jturner@example.net
Stephen,Dominguez,1957-12-24,tbruce@example.net
Michael,Jones,1989-02-01,nicole54@example.net
Micheal,Kim,1963-03-01,crystal84@example.com
Vincent,Williams,1954-09-11,rubioronald@example.org
Julia,Gallagher,2004-10-10,austin70@example.net
Jeanette,Williams,1998-12-12,tchristensen@example.net
Gabriel,Stout,1944-02-05,randalljordan@example.org
Jesse,Jones,1971-07-16,hooperanthony@example.com
Megan,Bird,1996-09-02,ashley52@example.org
Jeremy,Brooks,2005-05-09,lcollins@example.org
Amy,Frank,1940-08-24,ryansanchez@example.com
Samuel,Dennis,1939-06-06,marshallalicia@example.org
Christopher,Morris,1953-07-20,monique78@example.net
Jeff,Mejia,1973-04-24,stacylee@example.org
Lisa,Elliott,1995-07-03,diamondrangel@example.net
Julie,Mitchell,2000-09-01,bowershailey@example.com
Doris,Espinoza,1948-10-18,hernandezsydney@example.net
Kelly,Cox,1946-11-11,chloewhite@example.com
Michelle,Walter,1990-12-11,morseanthony@example.net
Amanda,Hall,1940-12-25,martinderrick@example.com
Sarah,Lowery,1961-03-13,preston94@example.org
Gary,Murray,1957-01-11,francisrivas@example.net
Jennifer,Pearson,1953-05-03,castillomargaret@example.org
Timothy,Allison,1984-09-03,amandalewis@example.org
Tiffany,Brown,2004-09-15,garrisonapril@example.org
Timothy,Ramirez,1972-06-26,eallen@example.com
Charles,Rojas,1983-07-08,franklinbrian@example.com
Jimmy,Phillips,1978-08-12,martinsamantha@example.net
Tara,Oconnor,1962-03-28,dustinthomas@example.com
Amy,Morris,1946-09-04,ewhite@example.org
Joshua,Spencer,1946-10-19,schmidttamara@example.net
Kim,Ortiz,1936-09-24,mariesmith@example.net
Kim,Harrell,1997-12-20,johnwong@example.net
Jonathan,Andrews,2001-09-23,fmccarthy@example.net
Michelle,Hull,1989-03-26,kellerkaren@example.org
Michael,Nunez,1996-10-17,veronicacruz@example.com
Kristen,Kennedy,1983-06-03,fsilva@example.org
Valerie,Williams,1975-06-03,samuelwong@example.com
Glenn,Collins,1973-12-19,christopherscott@example.org
Jonathan,Terry,1939-10-14,kimjohnson@example.net
Joseph,Mueller,1996-03-25,courtneyjones@example.org
Elizabeth,Williams,1991-11-08,johnsonmichelle@example.org
Alexandria,West,2005-11-13,michaelsantana@example.org
Christina,Klein,1948-12-30,danielledavis@example.net
Joel,Smith,1937-03-15,charles20@example.net
Keith,Salinas,1972-08-30,david36@example.com
Heather,Beasley,1963-11-13,garyhenry@example.com
Bailey,Martinez,1990-05-18,maria34@example.net
Kim,Miller,1956-10-17,woodmary@example.net
Sandra,Silva,2006-05-22,smartinez@example.org
Jose,Arnold,2000-05-28,ymitchell@example.net
Sandra,Hatfield,1968-12-16,parsonsmichael@example.org
Linda,Cherry,1947-10-29,efowler@example.net
April,Smith,1975-01-13,martinkatherine@example.com
Stefanie,Terrell,2004-03-18,arianasanchez@example.com
Jeffrey,Alvarez,1989-11-23,smcmahon@example.com
Rebecca,Reid,1999-04-08,phillipsamy@example.net
Carolyn,King,1966-04-30,tanyawhite@example.org
Jeffrey,Hanson,1941-01-31,petersdiane@example.com
Richard,Medina,1948-05-31,dschaefer@example.net
Jonathan,Gonzalez,1997-08-20,john24@example.com
Jennifer,Kelly,1946-01-30,tamaralopez@example.net
Christopher,Barajas,1939-07-13,zallen@example.org
Patrick,Walton,1947-05-22,millerrobert@example.org
Kara,Lee,1990-01-11,rhodeserin@example.org
Elizabeth,Hood,1963-10-23,jordanerin@example.com
Jessica,Deleon,1952-02-10,ariel85@example.net
Erin,Jenkins,2000-08-07,dwilson@example.com
Marie,Lynch,1946-05-14,bcole@example.net
Jennifer,Nguyen,1939-05-03,ashleyjordan@example.com
Deanna,Pennington,2000-12-28,ryanklein@example.org
Kristen,Schmidt,1956-09-18,tdaugherty@example.org
Chelsea,Cook,1973-11-30,washingtonallison@example.net
Michael,Hall,1997-11-25,taylorreid@example.org
Michael,Davenport,1953-12-16,jessicayork@example.com
Daisy,Wilson,1988-05-10,justin91@example.net
Heather,Gibson,1943-10-16,john80@example.com
Deborah,Adams,1954-01-13,barbara64@example.net
Crystal,Smith,1957-08-18,robert62@example.com
Eric,Dean,1947-07-17,joellee@example.org
James,Johnson,1978-10-08,nking@example.com
Joseph,Gregory,1960-11-27,john13@example.com
Daniel,Garcia,1936-03-08,calvinsparks@example.net
Stacy,Neal,1987-01-05,dcook@example.com
Christina,Moore,1978-01-15,ycampbell@example.com
Bernard,Palmer,1966-02-13,william00@example.net
Jason,Cowan,1941-11-16,fburnett@example.com
Tina,Wolfe,1966-06-29,zortiz@example.com
Seth,Mullins,1996-09-19,blanchardanna@example.org
Nancy,Mack,1939-12-12,vcarter@example.com
Katelyn,Green,2002-01-12,erica21@example.org
Patricia,Barrera,1986-01-28,otrevino@example.net
Dawn,Blair,1957-02-11,tsexton@example.com
Nathan,Martinez,1960-08-18,vwilliams@example.com
Laura,Wolfe,1978-10-10,ramirezjennifer@example.net
Paul,Terry,1967-02-21,john53@example.org
Brittany,Petersen,1958-03-11,kelleyelizabeth@example.net
Emily,Prince,1959-04-04,whitney96@example.net
Jason,Webb,1997-04-27,jonathanhamilton@example.net
Breanna,Ortega,1946-11-27,elizabethpowell@example.com
Jose,Beard,1971-05-31,renee93@example.com
Anthony,Gilbert,1993-07-16,nathanpace@example.net
Jeff,Scott,1996-11-13,ztucker@example.com
Laura,Evans,1974-09-08,ernest25@example.com
Lance,Berger,1989-11-04,valentineronald@example.org
Christina,Dominguez,1938-05-17,griffinkelly@example.net
Robin,Brooks,1980-01-13,amandajones@example.org
Amber,Garcia,1951-01-06,ramirezsandra@example.org
Sandra,Thompson,1971-12-03,robertprice@example.com
John,Wallace,1955-11-17,gabrielbeasley@example.org
Jennifer,Garcia,1993-01-05,katiesanders@example.com
Amanda,Watson,1972-05-24,donaldcook@example.org
David,Ford,1987-08-18,xkelly@example.net
Kristy,Gonzalez,1983-06-20,samuel03@example.net
Robert,Wilson,1959-04-05,jessemorris@example.org
Michael,Clark,1986-10-17,michaelewing@example.com
Cody,Jensen,1965-03-29,reneeterry@example.org
Michelle,Rivers,1941-06-01,cowens@example.net
Gregory,Rasmussen,1954-07-06,mendozachelsea@example.org
Yvonne,Simpson,1956-02-05,wsawyer@example.com
Sabrina,Tucker,1942-05-31,imurray@example.org
Ivan,Rodriguez,1985-12-04,kristi79@example.net
Bethany,Butler,1951-12-20,patrickfriedman@example.net
John,George,1996-11-22,vsalazar@example.net
Kimberly,Jones,1983-12-16,vbrown@example.com
Johnny,West,1973-05-07,parrishpatrick@example.com
Carl,Holmes,1977-11-26,brenda58@example.com
Alan,Morgan,1996-05-04,melanie03@example.org
Jennifer,Brown,1972-01-09,marcjohnston@example.net
Cassandra,Lee,1981-03-27,arthur52@example.net
Isaac,Lamb,1977-05-31,chelseahoward@example.net
Melinda,Stein,1951-09-04,shannonburns@example.org
Donald,Thornton,1960-09-09,gerald37@example.org
Charles,Leonard,2001-12-27,jenna39@example.com
Melissa,Chan,1985-11-09,bethany81@example.com
Wanda,Irwin,1972-03-28,tammy80@example.org
John,Gonzales,1948-09-22,davisleslie@example.com
Christopher,Williams,1941-01-28,mckaycasey@example.net
Meredith,Webb,2004-01-24,anna64@example.org
George,Harris,1971-12-02,heather65@example.org
Kathryn,Johnson,2006-05-02,abigail80@example.net
Jesus,Pierce,1979-08-07,shannonpittman@example.net
Nicolas,Brown,1965-11-29,jeffreyterrell@example.org
Cassandra,Green,2002-09-05,bob65@example.org
Katherine,Allen,1960-08-27,morganmarquez@example.org
Daniel,Wiley,1998-06-29,bacosta@example.net
Veronica,Stanley,1939-05-18,qtodd@example.org
Michele,Spencer,1939-11-23,smitholivia@example.net
Lisa,Gonzales,1969-09-05,leslie45@example.net
Alicia,Brown,1961-03-29,jason83@example.net
Patrick,Thompson,1968-12-15,john11@example.com
Angela,Austin,1975-01-22,claudiarhodes@example.org
Charles,Freeman,1937-02-05,deangina@example.net
Jared,Harrell,1964-02-03,erindunn@example.org
Rhonda,Knight,1974-07-26,laura22@example.com
Amanda,Stevens,1970-08-28,isabeljones@example.net
Michael,Freeman,2005-04-02,mgalloway@example.net
Jessica,Michael,1947-07-02,matthewsullivan@example.net
Jennifer,Martinez,1951-05-30,sandra87@example.net
Jeffery,Walker,1948-04-20,melissa60@example.com
Philip,Cline,1967-08-22,samuelgomez@example.net
Jacob,Robles,1995-10-11,rebecca59@example.com
Andrea,Davis,1990-02-18,richerin@example.com
Jason,Mathis,1966-05-21,randy82@example.com
Brooke,Long,1983-08-17,gabriel59@example.net
Thomas,Stafford,1973-01-08,thompsonmonica@example.com
Peter,Wong,1988-08-09,molinajeremiah@example.org
Sydney,Garcia,1996-05-24,fisherronald@example.org
Rebecca,Cruz,1975-03-13,colewayne@example.org
Gail,Spencer,1987-10-05,averynancy@example.org
Diana,Davis,1934-02-06,sjohnson@example.net
Victor,Campbell,1943-03-21,yolandaalvarado@example.org
Lisa,Allen,1934-09-18,richard29@example.org
Kevin,Leblanc,1950-03-10,robert96@example.com
Joseph,Velez,1965-03-03,lauraward@example.com
Luis,Mendoza,1980-01-06,fblair@example.com
Julia,Walker,1990-05-02,michaellopez@example.net
Dennis,Alexander,1966-08-16,dmitchell@example.org
Ruben,Garcia,1945-03-16,mcintoshandrew@example.net
Tiffany,Berg,1939-07-29,lanewilliam@example.net
Kayla,Lewis,1999-04-20,mendozajoel@example.net
Kimberly,Scott,1981-03-22,agarrett@example.com
Bryan,Mendez,1957-05-05,stanleyjackson@example.net
Brittany,Hood,1972-05-19,tyronecopeland@example.org
Tony,Berg,1960-05-22,glenn95@example.org
Christopher,Mata,1990-06-12,qwolf@example.net
Crystal,Murray,1945-06-09,susan56@example.com
Ashley,Johnson,1994-12-05,xhunter@example.net
Daniel,Fox,1973-09-06,gonzaleznancy@example.net
Joseph,Taylor,1962-12-22,whitemanuel@example.org
Deborah,Carter,1953-09-25,kyle36@example.com
Kristin,Dawson,1936-06-03,brian57@example.org
Jamie,Marquez,1975-08-28,ariasrobin@example.net
Robert,Weaver,1946-10-03,dana96@example.com
Craig,Conway,1960-09-15,paularoth@example.org
Melanie,Diaz,2003-02-08,ramirezbrandi@example.com
Sheena,Schultz,1990-02-21,georgematthew@example.org
Anthony,Casey,1968-11-11,christinejacobs@example.com
David,Wiley,1953-09-26,sara31@example.org
George,Wilson,2000-03-05,michaeldavis@example.net
Erica,Larsen,2003-11-15,swilson@example.org
Steven,Price,2002-09-10,kylegeorge@example.net
Robin,Griffith,1988-10-31,johnmunoz@example.com
Jesse,Baker,1958-06-29,hmontgomery@example.org
Amber,Hernandez,1971-06-30,debraweaver@example.com
Elizabeth,Lewis,2005-04-10,suzanne57@example.com
Jorge,Wright,2006-09-12,jonathangibson@example.net
Lawrence,Davenport,1988-08-31,aaronhughes@example.com
Krystal,Rivera,1961-04-08,brittanynielsen@example.net
Emily,Hicks,1963-02-02,andrewstevenson@example.net
Brett,Rowe,2003-10-26,joanna14@example.com
Micheal,Davidson,1951-10-04,veronica78@example.org
Jeremy,Peterson,1971-02-07,smason@example.com
Timothy,Becker,1946-12-01,derektaylor@example.net
James,Owens,1985-06-06,jenniferyoung@example.org
Carmen,Jones,1996-01-30,justinduke@example.net
Megan,Robertson,1955-06-05,donald81@example.net
Mark,Lee,2004-08-19,andrewlloyd@example.net
Victoria,Henry,2005-10-21,hshannon@example.com
Ashley,Lynch,1987-04-09,carrie69@example.net
Donald,Skinner,1988-04-11,matthew75@example.net
Cristina,Bryant,1998-11-25,oscar83@example.net
Christopher,Spencer,1948-03-20,crystal91@example.com
Kelly,Larson,1965-05-01,fbennett@example.com
Megan,West,1955-05-13,marco32@example.com
Steven,Sandoval,1961-06-27,kendrajones@example.com
Monica,Wallace,2004-06-21,iharrison@example.com
Robert,Williams,1965-08-05,madison49@example.net
Debra,Perry,1971-09-17,chadschroeder@example.net
Charles,Mora,1968-01-18,rosariojennifer@example.net
Kenneth,Thomas,1982-02-12,amartin@example.com
Adrian,Bates,1991-11-04,johnsonelizabeth@example.com
Heather,Cooper,1951-01-01,jeremyparks@example.net
Jessica,Wolfe,1966-11-16,mmurphy@example.com
Deborah,Williams,2003-11-16,hickmandanielle@example.com
Victoria,Warner,2003-11-03,dannywright@example.net
Anthony,Daniels,1974-03-11,malonejennifer@example.net
Richard,Sanchez,1949-09-30,shafferjeffrey@example.net
Jose,Byrd,1940-03-10,oscarzavala@example.com
Larry,Hughes,1942-12-13,jcarter@example.com
John,Bell,1964-06-12,kristi14@example.com
Ann,Doyle,1959-09-05,craig32@example.org
Arthur,Miller,1954-05-30,harias@example.com
Diana,Garza,1935-04-22,twilliams@example.org
Stephanie,Powell,1982-09-25,parkercody@example.com
Olivia,Montoya,1998-03-02,ronald34@example.net
Trevor,Alvarado,1971-08-20,mharris@example.com
Jennifer,Sanchez,1936-06-04,aprilmiller@example.net
Richard,Arnold,1977-03-24,edwardbishop@example.net
Mark,Hall,2001-01-10,petersonstephen@example.com
Christopher,Morales,1996-05-08,ortegabrianna@example.com
Tammy,Hebert,1944-07-04,lewissean@example.org
Allison,Hurst,1938-01-27,dylanowen@example.com
Isaac,Gonzalez,2005-07-20,spencer25@example.net
Veronica,Rice,1964-03-16,jared00@example.com
Tony,Moore,1945-05-14,garrettbarnes@example.net
Kevin,Carter,1965-03-09,paige71@example.com
Christopher,Carroll,1997-07-10,wmcgrath@example.net
Sean,Underwood,1966-11-28,kennedylorraine@example.net
Christopher,Wong,1998-11-25,ryan05@example.com
Diane,Walsh,1934-02-05,juliachavez@example.org
Jimmy,Johnson,1949-01-29,smithsamantha@example.org
Lisa,Lopez,1993-04-09,christinanunez@example.net
Justin,Reed,1935-05-19,johnsonmichael@example.net
Matthew,Washington,1966-01-22,pfowler@example.org
Gabriella,Terry,2000-06-07,tiffany91@example.net
Kyle,Jensen,1961-07-18,thomas59@example.com
Mary,Moore,1980-08-17,jenniferyoung@example.com
Austin,Braun,1971-12-18,johnsonroy@example.com
Kelly,Lindsey,1982-06-29,djarvis@example.com
Greg,Gordon,1936-06-29,ycampos@example.com
Stephanie,Gonzalez,1963-01-17,bennettwayne@example.com
Justin,Roach,1991-05-19,mwang@example.com
Lauren,Hunt,1987-01-08,krystal30@example.net
Brian,Matthews,1958-01-24,omartinez@example.net
Luis,David,1953-10-14,josephanderson@example.org
Joseph,Zavala,1975-02-07,swright@example.org
Kenneth,Huff,1963-05-31,mooremichael@example.com
Jacob,Ferguson,1955-01-02,jonesmarie@example.com
Larry,Nichols,1953-07-06,david97@example.org
Jody,Hernandez,1970-09-25,villamichelle@example.com
Wesley,Hood,1981-04-29,conniewinters@example.org
Aaron,Riley,2005-04-01,danielle31@example.org
Crystal,Trevino,1994-07-05,william25@example.net
Cody,Munoz,1956-11-15,christopher73@example.com
Aaron,Gordon,1971-09-12,daltonconnie@example.com
James,Solomon,1991-01-12,anitachan@example.com
Scott,White,1936-08-20,eswanson@example.org
Wendy,Gomez,1999-07-12,oscarwallace@example.com
James,Johnson,1971-03-05,brian44@example.net
Danny,Frazier,1971-10-01,clementsderrick@example.net
Patrick,Thompson,1979-07-31,cruzlori@example.net
Cheryl,Norton,2000-03-19,liusteven@example.com
Ronald,Donovan,1972-04-30,kathleenmorton@example.com
Sean,Guerrero,1955-12-15,lawrencewright@example.com
William,Taylor,1959-02-18,progers@example.com
Patricia,Weiss,1960-06-04,steven46@example.org
Kristin,Robinson,1996-06-05,mayerrachel@example.org
Colin,Jones,2001-05-19,emily57@example.net
Wayne,Ramirez,1977-10-14,jasoncarrillo@example.org
Sharon,Kennedy,1945-06-24,hollycooper@example.com
Kevin,Allen,1947-10-25,tammykelly@example.com
Adrian,Roberts,1960-07-05,ebautista@example.com
Jamie,Bates,1951-03-31,david29@example.net
Hannah,Anderson,1971-06-12,annette63@example.com
Jimmy,Patel,1959-12-22,amy98@example.org
Harold,Erickson,1945-07-15,matthewjohnson@example.org
Felicia,Rodriguez,1990-09-18,gregory25@example.net
Lee,Garcia,1951-06-26,ericgreen@example.net
Stephanie,Gomez,1994-08-03,dbender@example.net
Michael,Rojas,1965-06-25,kayla16@example.com
Tracey,Robinson,1986-05-18,asanchez@example.net
Jennifer,Jones,1989-10-20,imontgomery@example.net
Kenneth,Rich,1966-03-27,ricekevin@example.org
Eric,Freeman,1966-08-15,lneal@example.net
Jenny,Lloyd,1957-06-13,palmerjustin@example.org
Rebecca,Taylor,1949-09-16,martinwendy@example.com
Joshua,Johnson,1957-09-21,rosejulie@example.org
Christopher,Dorsey,1983-02-24,marymorrow@example.net
Donna,Hamilton,1986-05-30,jasonbarker@example.com
Raymond,Frank,1987-03-13,amanda23@example.com
Daniel,Krueger,1963-02-06,justin32@example.com
Jessica,Stevens,1972-09-21,jeremydixon@example.com
Laura,Davis,2006-02-10,karenlopez@example.com
Michelle,Cannon,1945-01-22,patrick20@example.com
Virginia,Aguilar,2004-05-13,gwilliams@example.org
Kenneth,Evans,1942-11-19,amyphelps@example.net
Mary,Zuniga,1980-06-05,anna41@example.org
Jamie,Harper,1951-11-21,shannon60@example.org
David,Miller,1961-05-05,vtaylor@example.org
Mary,Sanchez,1939-12-04,sroberts@example.com
David,Jones,1958-06-02,davismichelle@example.net
Richard,Garcia,1972-09-22,markmontgomery@example.net
Katherine,Dickerson,1940-05-17,smithmolly@example.org
Jason,Sandoval,1947-09-24,stephen82@example.com
Lisa,Brown,1991-04-02,leecollin@example.net
Scott,Martin,1958-02-17,henrybrandon@example.org
Paula,Holland,1965-08-09,irwinmelanie@example.org
Shane,Barnett,1942-01-05,herreranicole@example.net
Yolanda,Hernandez,1983-04-09,rcameron@example.net
Steven,Smith,2005-11-16,joesnyder@example.com
Brittney,Reed,2003-11-03,zacharydoyle@example.org
Tiffany,Padilla,1956-02-02,xmcfarland@example.org
Bob,Gomez,1951-05-28,sarah42@example.org
Brent,Delacruz,1973-02-24,marcus00@example.com
Angelica,Rodriguez,1953-08-04,schmidtgrant@example.com
Dana,Cole,1981-07-18,rachelavila@example.com
Christopher,Kerr,1978-09-19,victorjordan@example.com
Michael,Lewis,1988-02-05,james84@example.com
Samantha,Lindsey,1965-08-01,cynthiaknapp@example.com
Nancy,Krueger,1962-05-01,millerkatie@example.org
Brian,Durham,1945-09-12,shannon24@example.com
Richard,Arnold,1975-04-22,chase74@example.net
Kelly,Pugh,1972-12-20,cindymartinez@example.com
Joseph,Snyder,1948-10-26,fshepherd@example.org
Frederick,Butler,1957-03-16,nicholas22@example.net
Brian,Baker,1960-08-06,donnarollins@example.com
Wayne,Washington,1951-11-01,teresa25@example.com
Lori,Novak,1992-10-19,zosborne@example.org
Joshua,Ramos,1991-10-29,catherinejennings@example.org
Rebecca,Mccoy,1975-09-28,cholmes@example.net
Frank,Jones,1988-07-08,ycamacho@example.com
Cody,Shepherd,1954-05-24,stevenstewart@example.com
Edward,Chang,1934-11-20,pguerrero@example.com
Jessica,Cameron,1983-01-21,joshua24@example.com
Holly,Douglas,2005-05-24,hramos@example.net
Amy,Green,1961-04-01,alanberg@example.com
Collin,Monroe,1976-08-20,guy18@example.com
Kathryn,Terry,1988-10-22,danielle73@example.com
Paul,Duncan,1983-07-24,perezdrew@example.com
Margaret,Phillips,1999-03-21,susan62@example.com
Steven,Mckinney,1936-09-23,sjones@example.org
Selena,Bailey,1954-08-31,kimberlypalmer@example.net
Ebony,Ibarra,1962-04-03,hannah75@example.com
Dale,Flores,1991-07-26,jamiepennington@example.net
Jason,Dunn,2003-07-08,pachecotiffany@example.com
Kelly,Lucas,1959-09-15,angelgraham@example.net
Robert,Rose,1977-07-10,williamhouston@example.net
Howard,Barnes,1966-04-05,waltergregory@example.org
Briana,Brooks,1977-09-05,humphreyjennifer@example.com
Tony,Sullivan,1974-02-14,jmoore@example.org
Brent,Hernandez,1957-11-30,johnsondonna@example.com
Michael,Snyder,2003-10-26,donna37@example.org
Colin,Hodges,1969-06-12,fuentesjacqueline@example.net
Christine,Davis,1966-01-27,barneschristine@example.com
Carlos,Briggs,1966-11-15,tammydavis@example.org
Julie,Ramirez,1971-07-01,bakerkimberly@example.com
Michelle,Rogers,1997-04-15,jgomez@example.org
Phillip,Smith,1975-02-16,andersonkathleen@example.net
Wendy,Robbins,1993-11-25,brentcurry@example.net
Cody,Obrien,1962-09-09,ryan83@example.com
Debra,Weber,1996-11-18,samantha71@example.org
Amanda,Graves,1987-10-11,cooperdaniel@example.net
Michael,Long,1990-05-21,kimdavis@example.com
Jennifer,Ward,1993-10-13,craiggolden@example.net
James,Knapp,1967-05-27,burnettkevin@example.org
Keith,Olson,2004-09-05,charlesmorales@example.net
Katherine,Thompson,1987-07-23,roger10@example.net
Michael,Smith,1984-02-20,elizabeth92@example.org
George,Kline,1969-02-22,lshields@example.org
Kyle,York,1960-04-30,webermary@example.com
Hannah,Robbins,1948-04-04,roachshannon@example.net
William,Moss,1963-01-04,vaughnheather@example.net
Brianna,Nichols,1985-07-27,riversdarryl@example.net
Daniel,Lane,1963-12-16,rwalker@example.com
Jennifer,Goodwin,1994-10-25,dbrock@example.com
Kathryn,Campbell,1955-05-21,lisa48@example.com
Marcus,Powell,1980-01-07,mariabrown@example.net
Corey,Pena,1986-09-24,tracy75@example.com
Paul,Freeman,1956-01-26,emily08@example.com
Sarah,Allen,2006-01-24,olsensummer@example.net
Elizabeth,Hobbs,1948-06-05,paul58@example.com
Andrew,King,1977-08-20,yhouse@example.org
Donald,Rivers,1966-09-20,christopherthompson@example.net
Ashley,Johnson,1962-10-11,bridget37@example.net
Courtney,Brown,1952-06-05,lisaromero@example.org
Robin,Brown,1953-03-10,alyssarivers@example.org
Karen,Gilbert,1946-10-03,zrichardson@example.com
Tiffany,Castillo,2002-11-13,ernest42@example.com
Jason,Miller,1977-07-19,crystaljenkins@example.org
Karen,Sexton,1949-03-04,jknapp@example.org
Jeremy,Lopez,1971-10-08,estradarachel@example.org
Ian,Cole,1950-07-24,kimberly49@example.net
Michelle,Bailey,1945-05-21,lukehall@example.com
Jonathan,Solis,1991-12-04,samuel52@example.org
Seth,Cobb,1962-01-07,morrisdale@example.com
Jennifer,Ferguson,1936-03-17,iwhite@example.net
Thomas,Reilly,1970-12-11,brodriguez@example.com
Stephen,Brown,2001-04-23,brittanymoore@example.com
Whitney,Shaw,1979-10-17,jessica34@example.com
Samantha,Bowman,1949-09-30,perezjohn@example.com
Angela,Bates,1971-08-04,ymcdonald@example.org
William,Thomas,1984-11-11,patrick96@example.net
Anthony,Russo,1975-08-15,byrdkara@example.net
Kayla,Jenkins,1937-10-08,jonathan13@example.com
Matthew,Ingram,1975-09-19,jenningsjustin@example.org
Catherine,English,1947-11-02,josephclark@example.net
Richard,Evans,2002-06-21,timothyglenn@example.net
Melanie,Coleman,1986-07-14,lisamartin@example.com
Vanessa,Wells,1955-02-18,eperez@example.net
Katrina,Rivera,1987-06-20,lawrence88@example.org
Allison,Bradley,1990-08-17,erica70@example.net
Troy,Krueger,1974-04-26,vwalker@example.org
Elizabeth,Whitney,1970-11-06,delgadohunter@example.org
Margaret,Villarreal,1966-02-26,zcastillo@example.com
Sara,Knight,1954-06-22,renee07@example.net
Erika,Scott,2000-01-16,john85@example.org
John,Hopkins,2001-10-04,alan49@example.net
Dominique,White,1993-11-28,frobinson@example.com
Danielle,Thomas,1983-11-08,pfuller@example.org
Michael,Nelson,1944-12-27,griffithdavid@example.com
Brandy,Johnson,1957-08-30,carterleslie@example.net
Bonnie,Flores,1996-02-12,marthajoseph@example.org
Barbara,Walker,1994-06-23,kevinbentley@example.net
Cory,Jones,1973-06-15,smitheric@example.com
Devin,Bishop,1966-12-28,butlerglen@example.com
Nicholas,Scott,1978-11-09,jonathanhanson@example.com
Karen,Kane,1934-08-20,elizabeth95@example.com
Jose,Garcia,1942-01-20,danthony@example.net
Tanya,Clarke,2003-04-29,brandonhawkins@example.org
Abigail,Williamson,1974-11-22,ssmith@example.net
Greg,Rodriguez,1971-07-29,paul06@example.org
Michael,Carpenter,1996-08-02,zkim@example.com
Nicolas,Wolf,1988-09-19,tonyablack@example.net
Anna,Williams,1979-12-27,mcclurerichard@example.com
Anita,Mcclain,1939-05-21,tdavis@example.net
Connor,Rivera,1961-07-09,justin75@example.net
Dylan,Smith,1994-12-13,coxmark@example.net
Kylie,Castillo,2005-01-09,ccross@example.org
Ronald,Ortiz,1959-05-01,iwallace@example.net
Brittney,Gill,1956-11-14,lindareese@example.net
Daniel,Roberts,1975-12-15,jillianramirez@example.net
Nicole,White,1996-11-30,ballardbeth@example.com
Steven,Cole,1934-07-24,nhubbard@example.net
Melissa,Bradshaw,1975-01-25,igreen@example.net
Shaun,Parks,1965-11-17,jonesmarcus@example.org
Angela,Rogers,1980-05-05,joelgutierrez@example.net
Rebecca,Thomas,1986-10-16,fisherdaniel@example.com
Richard,Holland,2005-01-18,bruce83@example.net
Colleen,Perry,1970-05-08,ariel89@example.org
Amanda,Phillips,1959-08-31,kathleen75@example.net
Rachael,Whitehead,1988-01-14,markrocha@example.com
Ruth,Hudson,1997-06-15,timothyguerrero@example.net
Joe,Tran,2005-03-07,judy15@example.net
Donald,Stewart,2006-02-11,jamie38@example.com
William,Williams,1940-02-06,guerreronicholas@example.com
William,Goodwin,1957-05-22,johnny06@example.org
Nicole,Brown,1998-11-09,pprice@example.org
Richard,Buck,1998-02-01,kmcintyre@example.com
James,Copeland,1936-03-06,joseph53@example.com
Jessica,Castillo,1963-05-31,hburke@example.com
Erin,Morales,1973-11-13,huntershelby@example.net
Jennifer,Munoz,1998-01-04,chandlersandra@example.net
Matthew,Rogers,1982-03-07,gibbsmarie@example.net
Hailey,Martinez,1943-04-04,josephsimon@example.org
Brandi,Cook,1973-07-07,jesse46@example.net
Chelsea,Fowler,1958-07-08,gedwards@example.net
Paul,Miles,1939-02-24,brian60@example.com
Robert,Gonzalez,2000-09-21,toddsheri@example.org
Robert,Gomez,1995-04-05,patriciasantos@example.org
James,Edwards,1955-05-03,kathy65@example.com
Cassie,Harrison,1938-05-18,johnnymorales@example.net
David,Singleton,1980-03-01,gmullen@example.org
Cheryl,Perry,1962-03-14,allison65@example.com
Christopher,Patterson,1970-03-21,marcusstein@example.org
Sarah,Fisher,1960-10-21,mariaschroeder@example.org
Kelly,Butler,1945-10-11,sandra61@example.org
Anthony,Sanchez,1964-10-14,johnallen@example.org
Lindsey,Santana,1951-08-19,vnorton@example.com
Gary,Hall,1963-07-25,blankenshipmichael@example.org
Shannon,Contreras,1936-11-01,russell88@example.com
Frederick,Collins,2003-07-22,barbara18@example.net
Sara,Chase,1988-06-13,steven94@example.org
David,Lam,1954-07-21,juan38@example.com
Annette,Fitzgerald,1981-04-11,gfox@example.net
Michele,Graves,1986-12-28,grantsanchez@example.net
Christopher,Burns,1938-08-25,turnerjulie@example.net
Kathy,Myers,1986-02-06,morgan93@example.org
Vincent,Watson,1964-06-23,kingaustin@example.com
Angela,Lee,2003-09-04,nwilson@example.com
Joseph,Estes,1954-05-11,matthew66@example.net
Samantha,Perez,1968-11-10,smckinney@example.org
Diane,Smith,2002-07-22,crodriguez@example.org
Kyle,Ramirez,1992-04-13,adam16@example.com
Emily,Boyd,1958-02-12,jmatthews@example.org
Nicholas,Harding,1994-09-11,mariarush@example.net
Brenda,Jackson,1960-11-07,mfox@example.com
Bridget,Russell,1982-05-30,lbridges@example.org
Joann,Gonzalez,1982-09-11,bryantjack@example.com
Mark,Ramos,1941-11-26,ellisdavid@example.org
Jennifer,Norton,1980-03-29,robertkline@example.net
Natalie,Wilkerson,1996-02-19,houstontimothy@example.net
Stacy,Dickerson,1981-07-17,rgarcia@example.net
Sherry,Hernandez,1994-11-25,fmoreno@example.com
Tina,Bowers,1934-09-20,lopezemily@example.com
Christopher,Haas,1957-03-19,langvickie@example.net
Wendy,Wilson,1998-03-25,hillsabrina@example.org
Mark,Butler,1962-08-27,nlee@example.com
Jeffrey,Hanson,1974-11-28,kylie99@example.com
Jonathan,Ortiz,1997-04-23,shealori@example.com
Daniel,Snow,1967-07-17,christopherhahn@example.org
Tina,Parks,1946-12-09,sarah40@example.org
Margaret,Taylor,1963-06-29,xbrady@example.org
Jose,Terrell,1958-04-08,hardypaul@example.net
Deanna,Warren,1957-10-21,jameserica@example.net
Crystal,Clarke,1983-07-12,karellano@example.org
Dalton,Brown,1936-01-31,sheri70@example.com
Michelle,Mckay,1936-03-24,deannahoward@example.net
Mia,Marshall,1934-04-15,espinozamichael@example.net
Cynthia,Norris,2001-05-19,ashleylee@example.net
Lauren,Jackson,1946-11-23,deborah11@example.org
Susan,Allen,1963-02-26,danielmurphy@example.org
David,Mullins,1939-08-16,harpermelissa@example.com
Alan,Foster,1979-03-05,mmclaughlin@example.net
Gary,Mercer,1981-11-15,sullivanrobert@example.com
Maria,Wiley,1982-10-25,wjames@example.com
Tracy,Anderson,1954-01-11,wellsjohn@example.net
Anthony,Rhodes,1941-11-03,steelericardo@example.com
Adrian,Schmidt,1995-08-11,kberger@example.net
Thomas,Snyder,1964-08-18,fjohnson@example.org
Larry,Moore,1991-07-21,brian06@example.net
Rose,Spencer,1955-05-29,anna17@example.com
Debbie,Stanley,2005-03-03,kbrown@example.com
Mark,Williams,2002-12-29,andrewssteven@example.com
Richard,Grant,1985-09-06,wthompson@example.net
Jacob,Glass,1975-08-30,williamsrandy@example.org
Jamie,Byrd,1993-03-05,qmorrison@example.org
Johnny,Johnson,1980-12-19,yjennings@example.net
Michael,Wood,1950-08-10,rmorales@example.org
Megan,Blackwell,2004-07-09,heather09@example.org
Zoe,Gray,1972-07-22,zmorton@example.net
Michelle,Lam,1950-07-22,robert71@example.com
Brian,Young,1958-05-30,cwolfe@example.org
Megan,Mccoy,1955-08-19,emmajones@example.org
James,Holmes,1994-05-08,suzanne25@example.org
James,Walsh,1973-05-25,danasantiago@example.org
Rachel,Garcia,1941-05-23,schultzrichard@example.com
Mary,Johnson,1937-01-20,markgarcia@example.com
Gina,Carter,1953-05-18,dli@example.net
Kimberly,Brady,1963-06-29,dlewis@example.net
Daniel,Flynn,1952-05-14,robertrice@example.org
Jennifer,Thompson,1982-11-07,michaelvilla@example.net
Melissa,Rodgers,1943-03-01,paula69@example.com
Crystal,Gonzalez,1971-02-13,nmaynard@example.org
Holly,Parsons,1988-05-11,mary12@example.com
Gregory,Johnson,1980-05-26,jennamcbride@example.org
Jessica,Campbell,1946-11-26,millerjustin@example.org
Savannah,Butler,1974-06-30,helen14@example.com
Ebony,Butler,1971-11-17,bryanharris@example.org
Douglas,Weiss,1965-09-28,hannahward@example.com
Jacob,Mayer,1956-06-24,courtney93@example.com
Joshua,Campos,1948-11-24,james04@example.com
Kari,Walker,1970-10-20,ncampbell@example.org
Jake,Jones,1977-04-21,bhubbard@example.org
Mary,Guerrero,1958-02-20,bradleysmith@example.org
Robert,Jackson,1953-06-22,clinecarla@example.org
Christopher,Garcia,2003-03-29,daughertykyle@example.net
Dennis,Mclean,1971-11-22,uochoa@example.net
Mark,Phillips,1936-10-03,shelby12@example.net
James,Thompson,2002-04-26,nicholsjessica@example.net
Shelby,Baker,1955-03-07,amanda14@example.net
Patrick,Lewis,1988-02-19,daviddecker@example.org
Chad,Wilson,1977-10-29,rebecca83@example.net
Daryl,Ward,1961-01-23,sarahreynolds@example.org
Daniel,Weaver,1936-10-24,dianeleach@example.org
Rachel,Marshall,1941-01-03,thomasjohnson@example.com
Elaine,Taylor,2006-03-23,amanda15@example.org
Phillip,Riggs,1984-09-22,robertsjohn@example.org
Charles,Harrell,1941-11-24,diana66@example.net
Katelyn,Murphy,1948-02-29,brian63@example.net
Kimberly,Morales,2004-07-15,ybean@example.org
Raymond,Yang,1999-08-21,amanda98@example.org
Ruben,Lam,1964-11-08,amandahall@example.com
Erin,Turner,1996-03-27,romerojohn@example.org
Joseph,Logan,1957-08-09,alexandria59@example.com
Crystal,Delacruz,1999-02-18,cindygonzalez@example.net
Katherine,Santos,1988-09-20,ashleeward@example.com
Ethan,Cowan,1981-10-09,qcooper@example.com
Sherry,Fisher,2003-11-11,vegawilliam@example.org
William,Clark,1949-11-07,nancyrichards@example.com
